INSERT INTO genres (id, slug, label) VALUES
    ('11111111-1111-1111-1111-111111111101', 'action', 'Action'),
    ('11111111-1111-1111-1111-111111111102', 'rpg', 'RPG'),
    ('11111111-1111-1111-1111-111111111103', 'strategy', 'Strategie');

INSERT INTO tags (id, slug, label) VALUES
    ('22222222-2222-2222-2222-222222222201', 'multiplayer', 'Multijoueur'),
    ('22222222-2222-2222-2222-222222222202', 'indie', 'Indie'),
    ('22222222-2222-2222-2222-222222222203', 'singleplayer', 'Solo');

INSERT INTO games (id, title, slug, description, price, platform, created_at) VALUES
    ('33333333-3333-3333-3333-333333333301', 'Star Quest', 'star-quest',
     'Exploration spatiale et combats tactiques.', 49.99, 'PC', CURRENT_TIMESTAMP),
    ('33333333-3333-3333-3333-333333333302', 'Dungeon Tales', 'dungeon-tales',
     'Aventure RPG en donjons proceduraux.', 29.99, 'PC', CURRENT_TIMESTAMP);

INSERT INTO game_genres (game_id, genre_id) VALUES
    ('33333333-3333-3333-3333-333333333301', '11111111-1111-1111-1111-111111111101'),
    ('33333333-3333-3333-3333-333333333301', '11111111-1111-1111-1111-111111111103'),
    ('33333333-3333-3333-3333-333333333302', '11111111-1111-1111-1111-111111111102');

INSERT INTO game_tags (game_id, tag_id) VALUES
    ('33333333-3333-3333-3333-333333333301', '22222222-2222-2222-2222-222222222201'),
    ('33333333-3333-3333-3333-333333333302', '22222222-2222-2222-2222-222222222202'),
    ('33333333-3333-3333-3333-333333333302', '22222222-2222-2222-2222-222222222203');
